{"cameraMode":{"drawMode":0,"name":"Shaded","section":"Shading Mode"},"sceneLighting":false,"audioPlay":false,"sceneViewState":{"showFog":false,"showMaterialUpdate":false,"showSkybox":true,"showFlares":false,"showImageEffects":true,"showParticleSystems":true},"in2DMode":false,"pivot":{"x":-6.694260597229004,"y":-3.6666102409362795,"z":-0.037639811635017398},"rotation":{"x":-0.09118238836526871,"y":0.908815324306488,"z":-0.28892549872398379,"w":-0.2868146598339081},"size":26.235408782958986,"orthographic":false}