{"cameraMode":{"drawMode":0,"name":"Shaded","section":"Shading Mode"},"sceneLighting":false,"audioPlay":false,"sceneViewState":{"showFog":false,"showMaterialUpdate":false,"showSkybox":true,"showFlares":false,"showImageEffects":true,"showParticleSystems":true},"in2DMode":false,"pivot":{"x":2.33554744720459,"y":0.891776442527771,"z":1.2806289196014405},"rotation":{"x":-0.09118238836526871,"y":0.908815324306488,"z":-0.28892549872398379,"w":-0.2868146598339081},"size":4.15961217880249,"orthographic":false}