{"cameraMode":{"drawMode":0,"name":"Shaded","section":"Shading Mode"},"sceneLighting":false,"audioPlay":false,"sceneViewState":{"showFog":false,"showMaterialUpdate":false,"showSkybox":true,"showFlares":false,"showImageEffects":true,"showParticleSystems":true},"in2DMode":false,"pivot":{"x":0.8540229797363281,"y":1.5975414514541627,"z":-2.588857650756836},"rotation":{"x":-0.23503810167312623,"y":0.7339012026786804,"z":-0.30969202518463137,"w":-0.5569892525672913},"size":7.948487758636475,"orthographic":false}