{"cameraMode":{"drawMode":0,"name":"Shaded","section":"Shading Mode"},"sceneLighting":false,"audioPlay":false,"sceneViewState":{"showFog":false,"showMaterialUpdate":false,"showSkybox":true,"showFlares":false,"showImageEffects":true,"showParticleSystems":true},"in2DMode":false,"pivot":{"x":0.5824295878410339,"y":2.1239659786224367,"z":2.330104112625122},"rotation":{"x":-0.1934392750263214,"y":0.6528099775314331,"z":-0.17772939801216126,"w":-0.7105158567428589},"size":9.907553672790528,"orthographic":false}