{"cameraMode":{"drawMode":0,"name":"Shaded","section":"Shading Mode"},"sceneLighting":false,"audioPlay":false,"sceneViewState":{"showFog":false,"showMaterialUpdate":false,"showSkybox":true,"showFlares":false,"showImageEffects":true,"showParticleSystems":true},"in2DMode":false,"pivot":{"x":0.15724068880081178,"y":1.957657814025879,"z":-3.8576438426971437},"rotation":{"x":-0.19130681455135346,"y":0.6533401608467102,"z":-0.17577016353607179,"w":-0.7110929489135742},"size":11.285199165344239,"orthographic":false}