{"cameraMode":{"drawMode":0,"name":"Shaded","section":"Shading Mode"},"sceneLighting":false,"audioPlay":false,"sceneViewState":{"showFog":false,"showMaterialUpdate":false,"showSkybox":true,"showFlares":false,"showImageEffects":true,"showParticleSystems":true},"in2DMode":false,"pivot":{"x":3.4562432765960695,"y":1.091243028640747,"z":3.2817349433898927},"rotation":{"x":0.02617962844669819,"y":0.929601788520813,"z":-0.06733676046133042,"w":0.36141520738601687},"size":0.7460424304008484,"orthographic":false}