{"cameraMode":{"drawMode":0,"name":"Shaded","section":"Shading Mode"},"sceneLighting":false,"audioPlay":false,"sceneViewState":{"showFog":false,"showMaterialUpdate":false,"showSkybox":true,"showFlares":false,"showImageEffects":true,"showParticleSystems":true},"in2DMode":false,"pivot":{"x":2.5391600131988527,"y":0.7155625820159912,"z":3.1041078567504885},"rotation":{"x":-0.23503810167312623,"y":0.7339012026786804,"z":-0.30969202518463137,"w":-0.5569892525672913},"size":2.4630908966064455,"orthographic":false}