{"cameraMode":{"drawMode":0,"name":"Shaded","section":"Shading Mode"},"sceneLighting":false,"audioPlay":false,"sceneViewState":{"showFog":false,"showMaterialUpdate":false,"showSkybox":true,"showFlares":false,"showImageEffects":true,"showParticleSystems":true},"in2DMode":false,"pivot":{"x":3.5881824493408205,"y":0.11836599558591843,"z":-2.5528063774108888},"rotation":{"x":-0.007749198004603386,"y":0.9838626980781555,"z":-0.17325539886951447,"w":-0.04400823265314102},"size":1.746312141418457,"orthographic":false}