{"cameraMode":{"drawMode":0,"name":"Shaded","section":"Shading Mode"},"sceneLighting":false,"audioPlay":false,"sceneViewState":{"showFog":false,"showMaterialUpdate":false,"showSkybox":true,"showFlares":false,"showImageEffects":true,"showParticleSystems":true},"in2DMode":false,"pivot":{"x":0.4257763922214508,"y":1.5278085470199586,"z":-0.7895561456680298},"rotation":{"x":-0.23503810167312623,"y":0.7339012026786804,"z":-0.30969202518463137,"w":-0.5569892525672913},"size":9.620970726013184,"orthographic":false}