{"cameraMode":{"drawMode":0,"name":"Shaded","section":"Shading Mode"},"sceneLighting":false,"audioPlay":false,"sceneViewState":{"showFog":false,"showMaterialUpdate":false,"showSkybox":true,"showFlares":false,"showImageEffects":true,"showParticleSystems":true},"in2DMode":false,"pivot":{"x":1.4314638376235963,"y":1.2433751821517945,"z":-0.3483460545539856},"rotation":{"x":-0.00007771595846861601,"y":0.9999157190322876,"z":-0.010809365659952164,"w":-0.007198638282716274},"size":4.15961217880249,"orthographic":false}